Industry,Total views
Software Development,1
Business Consulting and Services,14
Medical Practices,21
Hospitals and Health Care,7
Insurance,2
Primary and Secondary Education,7
Higher Education,7
Armed Forces,1
Government Administration,2
IT Services and IT Consulting,12
Staffing and Recruiting,2
Wellness and Fitness Services,9
Government Relations Services,1
"Physical, Occupational and Speech Therapists",4
Outpatient Care Centers,1
Sports Teams and Clubs,3
Data Security Software Products,2
